name,email,age,country
João Silva,joao.silva@email.com,28,Brasil
Maria Santos,maria.santos@email.com,35,Brasil
Pedro Costa,pedro.costa@email.com,22,Brasil
Ana Paula,ana.paula@email.com,31,Brasil
Carlos Ferreira,carlos.ferreira@email.com,45,Brasil
Lucas Oliveira,lucas.oliveira@email.com,26,Brasil
Juliana Lima,juliana.lima@email.com,29,Brasil
Ricardo Souza,ricardo.souza@email.com,38,Brasil
Fernanda Alves,fernanda.alves@email.com,24,Brasil
Gabriel Rodrigues,gabriel.rodrigues@email.com,33,Brasil
Beatriz Martins,beatriz.martins@email.com,27,Brasil
Thiago Pereira,thiago.pereira@email.com,41,Brasil
Camila Ribeiro,camila.ribeiro@email.com,30,Brasil
Rafael Gomes,rafael.gomes@email.com,36,Brasil
Patricia Dias,patricia.dias@email.com,32,Brasil
John Doe,john.doe@email.com,42,USA
Jane Smith,jane.smith@email.com,30,USA
Michael Brown,michael.brown@email.com,38,USA
Sarah Johnson,sarah.johnson@email.com,27,USA
David Wilson,david.wilson@email.com,33,USA
Emily Davis,emily.davis@email.com,25,USA
Robert Miller,robert.miller@email.com,44,USA
Jennifer Garcia,jennifer.garcia@email.com,29,USA
William Martinez,william.martinez@email.com,37,USA
Linda Anderson,linda.anderson@email.com,31,USA
James Taylor,james.taylor@email.com,40,USA
Mary Thomas,mary.thomas@email.com,26,USA
Carlos Lopez,carlos.lopez@email.com,25,México
Maria Garcia,maria.garcia@email.com,29,México
Luis Rodriguez,luis.rodriguez@email.com,36,México
Ana Martinez,ana.martinez@email.com,28,México
Jose Hernandez,jose.hernandez@email.com,34,México
Carmen Gonzalez,carmen.gonzalez@email.com,23,México
Sofia Martinez,sofia.martinez@email.com,24,Argentina
Diego Fernandez,diego.fernandez@email.com,41,Argentina
Valentina Lopez,valentina.lopez@email.com,27,Argentina
Mateo Silva,mateo.silva@email.com,32,Argentina
Isabella Rojas,isabella.rojas@email.com,26,Argentina
Santiago Morales,santiago.morales@email.com,39,Argentina
Emma Johnson,emma.johnson@email.com,28,Canadá
Liam Williams,liam.williams@email.com,35,Canadá
Olivia Brown,olivia.brown@email.com,24,Canadá
Noah Jones,noah.jones@email.com,31,Canadá
Ava Miller,ava.miller@email.com,29,Canadá
Pierre Dubois,pierre.dubois@email.com,37,França
Marie Laurent,marie.laurent@email.com,33,França
Jacques Martin,jacques.martin@email.com,42,França
Sophie Bernard,sophie.bernard@email.com,26,França
Lucas Petit,lucas.petit@email.com,30,França
Hans Mueller,hans.mueller@email.com,38,Alemanha
Greta Schmidt,greta.schmidt@email.com,29,Alemanha
Klaus Weber,klaus.weber@email.com,44,Alemanha
Anna Fischer,anna.fischer@email.com,25,Alemanha
Marco Rossi,marco.rossi@email.com,36,Itália
Giulia Romano,giulia.romano@email.com,28,Itália
Alessandro Ferrari,alessandro.ferrari@email.com,33,Itália
Francesca Ricci,francesca.ricci@email.com,27,Itália
Takeshi Yamamoto,takeshi.yamamoto@email.com,31,Japão
Yuki Tanaka,yuki.tanaka@email.com,26,Japão
Hiroshi Suzuki,hiroshi.suzuki@email.com,40,Japão
